City,District,Neighborhood,Postal,Latitude,Longitude
Madrid,SALAMANCA           ,RECOLETOS           ,28001,40.41669,-3.700346
Madrid,CHAMARTIN,PROSPERIDAD,28002,40.4436806,-3.673545273
Madrid,CHAMARTIN,CIUDAD JARDIN,28002,40.45121887,-3.667724037
Madrid,CHAMARTIN,EL VISO,28002,40.4446238,-3.678636969
Madrid,CHAMBERI,RIOS ROSAS,28003,40.44661264,-3.703113948
Madrid,CHAMBERI,VALLEHERMOSO,28003,40.43896509,-3.708835359
Madrid,CHAMBERI,VALLEHERMOSO,28003,40.43991596,-3.710967726
Madrid,CENTRO,JUSTICIA,28004,40.42664222,-3.699722995
Madrid,CENTRO,UNIVERSIDAD,28004,40.42679289,-3.704581505
Madrid,CENTRO,EMBAJADORES,28005,40.40677803,-3.705527696
Madrid,ARGANZUELA,IMPERIAL,28005,40.40555135,-3.714565767
Madrid,ARGANZUELA,ACACIAS,28005,40.40480586,-3.703916146
Madrid,ARGANZUELA,IMPERIAL,28005,40.41037049,-3.720486085
Madrid,CENTRO,PALACIO,28005,40.41108452,-3.711383151
Madrid,ARGANZUELA,ACACIAS,28005,40.40213472,-3.703169472
Madrid,CENTRO,PALACIO,28005,40.41307968,-3.712170272
Madrid,CENTRO,EMBAJADORES,28005,40.40612987,-3.706923355
Madrid,ARGANZUELA,IMPERIAL,28005,40.40106583,-3.715861737
Madrid,CENTRO,PALACIO,28005,40.41209543,-3.713998533
Madrid,CHAMARTIN,EL VISO,28006,40.43969635,-3.681617697
Madrid,CHAMARTIN,EL VISO,28006,40.44209298,-3.686146215
Madrid,SALAMANCA,CASTELLANA,28006,40.43350061,-3.679668747
Madrid,RETIRO,ESTRELLA,28007,40.41586395,-3.665205626
Madrid,VILLA DE VALLECAS,SANTA EUGENIA,28007,40.38526054,-3.604406504
Madrid,RETIRO,PACIFICO,28007,40.40472769,-3.679332107
Madrid,RETIRO,ADELFAS,28007,40.40084131,-3.673766252
Madrid,MONCLOA-ARAVACA,CASA DE CAMPO,28008,40.42870179,-3.733708557
Madrid,MONCLOA-ARAVACA,CASA DE CAMPO,28008,40.42673322,-3.727309484
Madrid,MONCLOA-ARAVACA,ARGUELLES,28008,40.42491865,-3.714912145
Madrid,RETIRO,NI헲 JESUS,28009,40.4145497,-3.67435086
Madrid,RETIRO,IBIZA,28009,40.41901561,-3.677872722
Madrid,CHAMBERI,TRAFALGAR,28010,40.43821121,-3.702460461
Madrid,LATINA,LUCERO,28011,40.40763407,-3.749873143
Madrid,LATINA,PUERTA DEL ANGEL,28011,40.41091985,-3.723403069
Madrid,LATINA,PUERTA DEL ANGEL,28011,40.41118961,-3.727790341
Madrid,LATINA,PUERTA DEL ANGEL,28011,40.40563593,-3.738384162
Madrid,CENTRO,EMBAJADORES,28012,40.4114706,-3.7012748
Madrid,CENTRO,CORTES,28014,40.410557,-3.692920914
Madrid,RETIRO,PACIFICO,28014,40.40650867,-3.681341708
Madrid,CHAMBERI,ARAPILES,28015,40.43410369,-3.709739294
Madrid,CHAMBERI,ARAPILES,28015,40.4374333,-3.704456761
Madrid,CHAMARTIN,NUEVA ESPA헤,28016,40.46541828,-3.669067773
Madrid,CHAMARTIN,NUEVA ESPA헤,28016,40.46422875,-3.669126741
Madrid,CHAMARTIN,NUEVA ESPA헤,28016,40.45953738,-3.679541863
Madrid,CIUDAD LINEAL,PUEBLO NUEVO,28017,40.42374626,-3.636508278
Madrid,CIUDAD LINEAL,VENTAS,28017,40.42401892,-3.649041757
Madrid,CIUDAD LINEAL,VENTAS,28017,40.42824646,-3.653432531
Madrid,CIUDAD LINEAL,VENTAS,28017,40.41968378,-3.652559914
Madrid,PUENTE DE VALLECAS,PALOMERAS SURESTE,28018,40.3831086,-3.642605225
Madrid,PUENTE DE VALLECAS,PALOMERAS SURESTE,28018,40.38481313,-3.639028093
Madrid,PUENTE DE VALLECAS,PALOMERAS SURESTE,28018,40.38577683,-3.643950119
Madrid,PUENTE DE VALLECAS,PALOMERAS SURESTE,28018,40.38200381,-3.642005681
Madrid,PUENTE DE VALLECAS,PALOMERAS BAJAS,28018,40.38742707,-3.662805033
Madrid,PUENTE DE VALLECAS,PALOMERAS BAJAS,28018,40.38617972,-3.657208308
Madrid,PUENTE DE VALLECAS,PALOMERAS BAJAS,28018,40.37657755,-3.655348004
Madrid,PUENTE DE VALLECAS,PALOMERAS BAJAS,28018,40.37919485,-3.660863043
Madrid,CARABANCHEL,COMILLAS,28019,40.39750351,-3.715010937
Madrid,CARABANCHEL,SAN ISIDRO,28019,40.39460546,-3.723240225
Madrid,CARABANCHEL,SAN ISIDRO,28019,40.39409637,-3.736808787
Madrid,CARABANCHEL,COMILLAS,28019,40.39379356,-3.713263166
Madrid,CARABANCHEL,OPA헨L,28019,40.38761084,-3.725250788
Madrid,TETUAN,CUATRO CAMINOS,28020,40.45247841,-3.702962808
Madrid,TETUAN,CASTILLEJOS,28020,40.46160342,-3.69420003
Madrid,VILLAVERDE,LOS ROSALES,28021,40.35186683,-3.686184707
Madrid,VILLAVERDE,BUTARQUE,28021,40.34439346,-3.674746714
Madrid,VILLAVERDE,SAN CRISTOBAL,28021,40.34290689,-3.687000515
Madrid,VILLAVERDE,SAN ANDRES,28021,40.34604471,-3.70895673
Madrid,VILLAVERDE,BUTARQUE,28021,40.3454822,-3.67498128
Madrid,VILLAVERDE,BUTARQUE,28021,40.3517539,-3.677834634
Madrid,VILLAVERDE,SAN ANDRES,28021,40.34625499,-3.705508953
Madrid,VILLAVERDE,SAN CRISTOBAL,28021,40.34434045,-3.685296004
Madrid,VILLAVERDE,SAN ANDRES,28021,40.34365973,-3.70561143
Madrid,VILLAVERDE,SAN CRISTOBAL,28021,40.33969328,-3.689581642
Madrid,VILLAVERDE,LOS ANGELES,28021,40.34949911,-3.697947728
Madrid,VILLAVERDE,SAN CRISTOBAL,28021,40.3411625,-3.684910632
Madrid,VILLAVERDE,SAN ANDRES,28021,40.34402221,-3.71114912
Madrid,VILLAVERDE,SAN ANDRES,28021,40.34686368,-3.703195663
Madrid,SAN BLAS-CANILLEJAS,HELLIN,28022,40.43333782,-3.612052175
Madrid,HORTALEZA,HELLIN,28022,40.43333782,-3.612052175
Madrid,SAN BLAS-CANILLEJAS,REJAS,28022,40.44724009,-3.598027488
Madrid,SAN BLAS-CANILLEJAS,ARCOS,28022,40.42399738,-3.611684586
Madrid,SAN BLAS-CANILLEJAS,ROSAS,28022,40.42714433,-3.60257677
Madrid,SAN BLAS-CANILLEJAS,CANILLEJAS,28022,40.43753724,-3.608411581
Madrid,SAN BLAS-CANILLEJAS,ROSAS,28022,40.43061533,-3.608974034
Madrid,SAN BLAS-CANILLEJAS,CANILLEJAS,28022,40.44848496,-3.614890057
Madrid,SAN BLAS-CANILLEJAS,ROSAS,28022,40.42154331,-3.607241922
Madrid,MONCLOA-ARAVACA,ARAVACA,28023,40.4605762,-3.785703746
Madrid,MONCLOA-ARAVACA,ARAVACA,28023,40.45003182,-3.771571153
Madrid,LATINA,LAS AGUILAS,28024,40.38398261,-3.778898898
Madrid,LATINA,ALUCHE,28024,40.39509014,-3.761411071
Madrid,LATINA,CAMPAMENTO,28024,40.39414214,-3.779298745
Madrid,LATINA,CAMPAMENTO,28024,40.39858179,-3.768803473
Madrid,LATINA,CAMPAMENTO,28024,40.3797721,-3.793952969
Madrid,LATINA,ALUCHE,28024,40.38888787,-3.762024576
Madrid,LATINA,ALUCHE,28024,40.39083158,-3.760997851
Madrid,CARABANCHEL,ABRANTES,28025,40.38481599,-3.725574252
Madrid,CARABANCHEL,PUERTA BONITA,28025,40.38091348,-3.742850001
Madrid,CARABANCHEL,ABRANTES,28025,40.38471221,-3.722003386
Madrid,CARABANCHEL,PUERTA BONITA,28025,40.38629581,-3.730927212
Madrid,CARABANCHEL,ABRANTES,28025,40.38059274,-3.728120681
Madrid,CARABANCHEL,PUERTA BONITA,28025,40.37598607,-3.737129783
Madrid,CARABANCHEL,ABRANTES,28025,40.38484911,-3.721722095
Madrid,USERA,MOSCARDO,28026,40.38810859,-3.710375518
Madrid,USERA,MOSCARDO,28026,40.38904382,-3.704765273
Madrid,USERA,ALMENDRALES,28026,40.3871562,-3.699608734
Madrid,USERA,ALMENDRALES,28026,40.38020037,-3.698252689
Madrid,USERA,ZOFIO,28026,40.37893066,-3.715839438
Madrid,USERA,ZOFIO,28026,40.38358402,-3.713626712
Madrid,CIUDAD LINEAL,SAN PASCUAL,28027,40.43724099,-3.654403894
Madrid,CIUDAD LINEAL,QUINTANA,28027,40.43747986,-3.642332638
Madrid,SAN BLAS-CANILLEJAS,EL SALVADOR,28027,40.44309079,-3.624557171
Madrid,CIUDAD LINEAL,SAN PASCUAL,28027,40.44348652,-3.650809049
Madrid,CIUDAD LINEAL,CONCEPCION,28027,40.43714842,-3.650052288
Madrid,CIUDAD LINEAL,CONCEPCION,28027,40.44426507,-3.64692527
Madrid,SALAMANCA,FUENTE DEL BERRO,28028,40.42627963,-3.666557826
Madrid,SALAMANCA,GUINDALERA,28028,40.437286,-3.667020229
Madrid,FUENCARRAL-EL PARDO,LA PAZ,28029,40.47540952,-3.702423295
Madrid,FUENCARRAL-EL PARDO,LA PAZ,28029,40.4775644,-3.70065252
Madrid,FUENCARRAL-EL PARDO,LA PAZ,28029,40.48021987,-3.701010473
Madrid,TETUAN,ALMENARA,28029,40.4729057,-3.699341839
Madrid,FUENCARRAL-EL PARDO,EL PILAR,28029,40.47531423,-3.707707444
Madrid,FUENCARRAL-EL PARDO,EL PILAR,28029,40.4745973,-3.714412446
Madrid,TETUAN,ALMENARA,28029,40.46693859,-3.693889292
Madrid,FUENCARRAL-EL PARDO,LA PAZ,28029,40.48309753,-3.695908037
Madrid,MORATALAZ,VINATEROS,28030,40.4038241,-3.643579974
Madrid,MORATALAZ,PAVONES,28030,40.39511351,-3.63357557
Madrid,MORATALAZ,MEDIA LEGUA,28030,40.40883802,-3.660292566
Madrid,MORATALAZ,MARROQUINA,28030,40.40943696,-3.649985933
Madrid,MORATALAZ,PAVONES,28030,40.40191354,-3.63391036
Madrid,MORATALAZ,FONTARRON,28030,40.40054024,-3.641156517
Madrid,MORATALAZ,MARROQUINA,28030,40.41226776,-3.648033089
Madrid,MORATALAZ,VINATEROS,28030,40.40354002,-3.637944193
Madrid,MORATALAZ,FONTARRON,28030,40.40170492,-3.645563132
Madrid,MORATALAZ,MEDIA LEGUA,28030,40.40738607,-3.657390968
Madrid,VILLA DE VALLECAS,CASCO H.VALLECAS,28031,40.36803998,-3.622167743
Madrid,VILLA DE VALLECAS,SANTA EUGENIA,28031,40.38010209,-3.613949811
Madrid,VILLA DE VALLECAS,SANTA EUGENIA,28031,40.38124774,-3.611969256
Madrid,VILLA DE VALLECAS,CASCO H.VALLECAS,28031,40.37490511,-3.623809361
Madrid,VILLA DE VALLECAS,CASCO H.VALLECAS,28031,40.37597903,-3.61843586
Madrid,VILLA DE VALLECAS,CASCO H.VALLECAS,28031,40.37775032,-3.620772753
Madrid,VILLA DE VALLECAS,CASCO H.VALLECAS,28031,40.37263346,-3.617345138
Madrid,VICALVARO,CASCO H.VICALVARO,28032,40.40320138,-3.603694878
Madrid,VICALVARO,CASCO H.VICALVARO,28032,40.40067632,-3.598982214
Madrid,VICALVARO,AMBROZ,28032,40.41031103,-3.613682106
Madrid,VICALVARO,CASCO H.VICALVARO,28032,40.39629114,-3.625774204
Madrid,VICALVARO,CASCO H.VICALVARO,28032,40.39721845,-3.607306132
Madrid,VICALVARO,CASCO H.VICALVARO,28032,40.40340596,-3.617838302
Madrid,VICALVARO,AMBROZ,28032,40.40502576,-3.601094919
Madrid,VICALVARO,CASCO H.VICALVARO,28032,40.40296556,-3.595313927
Madrid,HORTALEZA,PINAR DEL REY,28033,40.47301835,-3.634543156
Madrid,HORTALEZA,PINAR DEL REY,28033,40.47838155,-3.65023747
Madrid,CIUDAD LINEAL,COSTILLARES,28033,40.48064124,-3.666328344
Madrid,HORTALEZA,VALDEFUENTES,28033,40.47210979,-3.631007402
Madrid,HORTALEZA,APOSTOL SANTIAGO,28033,40.47897695,-3.659634306
Madrid,HORTALEZA,PINAR DEL REY,28033,40.47162024,-3.654242063
Madrid,HORTALEZA,PINAR DEL REY,28033,40.47440639,-3.652228215
Madrid,FUENCARRAL-EL PARDO,EL PILAR,28034,40.48260881,-3.711075822
Madrid,FUENCARRAL-EL PARDO,VALVERDE,28034,40.495511,-3.696048079
Madrid,FUENCARRAL-EL PARDO,LA PAZ,28034,40.48664863,-3.701608321
Madrid,FUENCARRAL-EL PARDO,MIRASIERRA,28034,40.49113904,-3.714198447
Madrid,FUENCARRAL-EL PARDO,VALVERDE,28034,40.49194816,-3.695267857
Madrid,FUENCARRAL-EL PARDO,VALVERDE,28034,40.49939736,-3.686422886
Madrid,FUENCARRAL-EL PARDO,PE헤 GRANDE,28035,40.48349349,-3.726718328
Madrid,FUENCARRAL-EL PARDO,PE헤 GRANDE,28035,40.4805389,-3.718014862
Madrid,MONCLOA-ARAVACA,VALDEZARZA,28035,40.46843902,-3.721047303
Madrid,SAN BLAS-CANILLEJAS,SIMANCAS,28037,40.43011261,-3.628834506
Madrid,SAN BLAS-CANILLEJAS,ARCOS,28037,40.42217402,-3.619118046
Madrid,CIUDAD LINEAL,PUEBLO NUEVO,28037,40.42934657,-3.632187288
Madrid,SAN BLAS-CANILLEJAS,HELLIN,28037,40.42985422,-3.618280698
Madrid,SAN BLAS-CANILLEJAS,SIMANCAS,28037,40.42809852,-3.62478392
Madrid,SAN BLAS-CANILLEJAS,ARCOS,28037,40.42658756,-3.617602405
Madrid,PUENTE DE VALLECAS,PORTAZGO,28038,40.38819094,-3.647236725
Madrid,PUENTE DE VALLECAS,PALOMERAS SURESTE,28038,40.39244393,-3.637379941
Madrid,PUENTE DE VALLECAS,NUMANCIA,28038,40.4022043,-3.654488723
Madrid,PUENTE DE VALLECAS,NUMANCIA,28038,40.39530955,-3.658157244
Madrid,PUENTE DE VALLECAS,PALOMERAS SURESTE,28038,40.38814863,-3.637009551
Madrid,PUENTE DE VALLECAS,PORTAZGO,28038,40.39368443,-3.644378931
Madrid,PUENTE DE VALLECAS,PORTAZGO,28038,40.38939977,-3.651760883
Madrid,PUENTE DE VALLECAS,PORTAZGO,28038,40.3920183,-3.645894796
Madrid,PUENTE DE VALLECAS,PORTAZGO,28038,40.39595533,-3.649102137
Madrid,MONCLOA-ARAVACA,VALDEZARZA,28039,40.46477711,-3.713022694
Madrid,TETUAN,BELLAS VISTAS,28039,40.45242712,-3.711347229
Madrid,MONCLOA-ARAVACA,VALDEZARZA,28039,40.45898734,-3.712536882
Madrid,MONCLOA-ARAVACA,VALDEZARZA,28039,40.46916208,-3.717775718
Madrid,TETUAN,VALDEACEDERAS,28039,40.46327856,-3.703228723
Madrid,VILLAVERDE,LOS ANGELES,28041,40.35841024,-3.696273094
Madrid,VILLAVERDE,LOS ANGELES,28041,40.36251935,-3.697610896
Madrid,USERA,ORCASUR,28041,40.37258948,-3.701248162
Madrid,VILLAVERDE,LOS ANGELES,28041,40.3556456,-3.696079787
Madrid,VILLAVERDE,SAN ANDRES,28041,40.3503508,-3.706057975
Madrid,VILLAVERDE,LOS ROSALES,28041,40.36157241,-3.69327885
Madrid,USERA,ORCASITAS,28041,40.36931163,-3.705136837
Madrid,VILLAVERDE,LOS ROSALES,28041,40.35443601,-3.690461924
Madrid,USERA,ORCASITAS,28041,40.37194535,-3.710523799
Madrid,USERA,ORCASITAS,28041,40.3679445,-3.719398064
Madrid,USERA,SAN FERMIN,28041,40.3704394,-3.689930272
Madrid,BARAJAS,TIMON,28042,40.47070811,-3.584020927
Madrid,BARAJAS,ALAMEDA DE OSUNA,28042,40.45894746,-3.584791855
Madrid,BARAJAS,ALAMEDA DE OSUNA,28042,40.46030215,-3.59121987
Madrid,BARAJAS,TIMON,28042,40.4704772,-3.590459755
Madrid,HORTALEZA,CANILLAS,28043,40.46144263,-3.645780808
Madrid,HORTALEZA,CANILLAS,28043,40.46699373,-3.634108988
Madrid,HORTALEZA,PINAR DEL REY,28043,40.47244066,-3.647738241
Madrid,HORTALEZA,CANILLAS,28043,40.4613154,-3.653988745
Madrid,HORTALEZA,PINAR DEL REY,28043,40.47078627,-3.647156116
Madrid,HORTALEZA,CANILLAS,28043,40.4663499,-3.633230054
Madrid,CIUDAD LINEAL,SAN JUAN BAUTISTA,28043,40.45116072,-3.65902024
Madrid,LATINA,LAS AGUILAS,28044,40.3798369,-3.77644793
Madrid,CARABANCHEL,BUENAVISTA,28044,40.36742549,-3.754197552
Madrid,LATINA,LAS AGUILAS,28044,40.37492895,-3.762609415
Madrid,LATINA,LAS AGUILAS,28044,40.3792701,-3.783014879
Madrid,LATINA,LAS AGUILAS,28044,40.38135499,-3.771729497
Madrid,CARABANCHEL,BUENAVISTA,28044,40.37628543,-3.752199517
Madrid,ARGANZUELA,PALOS DE MOGUER,28045,40.4055751,-3.691396695
Madrid,ARGANZUELA,DELICIAS,28045,40.39428331,-3.693472831
Madrid,ARGANZUELA,ATOCHA,28045,40.39744511,-3.678351567
Madrid,ARGANZUELA,LEGAZPI,28045,40.39224302,-3.688149691
Madrid,LATINA,ALUCHE,28047,40.39743594,-3.755392529
Madrid,LATINA,ALUCHE,28047,40.38550403,-3.755989664
Madrid,CARABANCHEL,VISTA ALEGRE,28047,40.38607118,-3.746346887
Madrid,LATINA,ALUCHE,28047,40.39118341,-3.75128127
Madrid,LATINA,LOS CARMENES,28047,40.40242068,-3.741047666
Madrid,CARABANCHEL,VISTA ALEGRE,28047,40.37837447,-3.752364113
Madrid,LATINA,LOS CARMENES,28047,40.3934735,-3.741232361
Madrid,FUENCARRAL-EL PARDO,EL PARDO,28048,40.51715727,-3.774264311
Madrid,FUENCARRAL-EL PARDO,EL GOLOSO,28049,40.51157829,-3.693818069
Madrid,FUENCARRAL-EL PARDO,MIRASIERRA,28049,40.49966952,-3.711432956
Madrid,FUENCARRAL-EL PARDO,EL GOLOSO,28049,40.54156879,-3.696819824
Madrid,HORTALEZA,VALDEFUENTES,28050,40.48860267,-3.652554424
Madrid,FUENCARRAL-EL PARDO,VALVERDE,28050,40.50973426,-3.670452271
Madrid,HORTALEZA,VALDEFUENTES,28050,40.49893433,-3.656017908
Madrid,FUENCARRAL-EL PARDO,VALVERDE,28050,40.50774206,-3.667552527
Madrid,FUENCARRAL-EL PARDO,VALVERDE,28050,40.50973426,-3.670452271
Madrid,FUENCARRAL-EL PARDO,VALVERDE,28050,40.50083317,-3.675143322
Madrid,HORTALEZA,VALDEFUENTES,28050,40.48725396,-3.660022119
Madrid,VILLA DE VALLECAS,CASCO H.VALLECAS,28051,40.36826115,-3.614501949
Madrid,VILLA DE VALLECAS,CASCO H.VALLECAS,28051,40.3606425,-3.598451087
Madrid,PUENTE DE VALLECAS,PALOMERAS BAJAS,28053,40.39022333,-3.663775035
Madrid,PUENTE DE VALLECAS,ENTREVIAS,28053,40.38008564,-3.673547649
Madrid,PUENTE DE VALLECAS,ENTREVIAS,28053,40.37336649,-3.665482525
Madrid,PUENTE DE VALLECAS,ENTREVIAS,28053,40.37952947,-3.668476504
Madrid,PUENTE DE VALLECAS,SAN DIEGO,28053,40.38790371,-3.670762515
Madrid,PUENTE DE VALLECAS,ENTREVIAS,28053,40.38183462,-3.674884526
Madrid,PUENTE DE VALLECAS,ENTREVIAS,28053,40.37525283,-3.661743347
Madrid,PUENTE DE VALLECAS,ENTREVIAS,28053,40.37703559,-3.671302626
Madrid,CARABANCHEL,BUENAVISTA,28054,40.36264092,-3.74737216
Madrid,CARABANCHEL,BUENAVISTA,28054,40.36301638,-3.76435956
